task_id,title,category,status,issues,recommendation,explanation
547d91d9-4d9a-4c06-8f52-a589bfd66fae,"Benchmark CMake/Ninja: lld vs ld.bfd, LTO, ftime-trace",Build & Dependency Management,needs_work,"Missing key technology: Clang is central (for -ftime-trace and LTO) but not mentioned in the title; Ambiguous 'ftime-trace': Without 'Clang', it’s unclear which compiler’s trace feature is referenced","Benchmark CMake/Ninja: Clang ftime-trace, LTO, lld vs ld.bfd","The current title is action-driven and concise, but it omits Clang, which is required for -ftime-trace and influences LTO/linker behavior. Adding 'Clang' clarifies the toolchain and resolves the ambiguity around 'ftime-trace' while keeping the title specific and within the ideal length."
1a51ef9e-c5ff-4404-8d22-acb9a6e93767,Benchmark CMake/Ninja Builds with -ftime-trace; Enable ccache/PCH,Build & Dependency Management,needs_work,Missing key technology: does not mention Ninja -d stats required by the task; Two-part title split by a semicolon reads choppy instead of a single coherent action; Ambiguous compiler: '-ftime-trace' implies Clang but 'Clang' is not stated explicitly,"Benchmark CMake/Ninja Builds with Clang ftime-trace, Ninja stats, ccache, and PCH","The current title covers benchmarking and enabling ccache/PCH, but it omits Ninja -d stats and doesn’t explicitly name Clang, which are central to the task. The revised title consolidates the actions without a semicolon and includes all key technologies (CMake/Ninja, Clang ftime-trace, Ninja stats, ccache, PCH) while remaining concise and action-driven."
0cb8dbf4-cb11-4ed6-a212-325fd5d97ba5,Configure sccache-backed Incremental Rust Workspace Builds with Metrics,Build & Dependency Management,needs_work,"Uses 'Rust Workspace' instead of the specific tool 'Cargo workspace', omitting a key technology central to the task.; 'with Metrics' is vague; it doesn't clearly convey that metrics should be recorded/exported.; Phrase is slightly noun-heavy; a second action verb would improve clarity (e.g., 'and Record Metrics').",Configure sccache-backed Incremental Cargo Workspace Builds and Record Metrics,"The revised title names Cargo, the primary build tool involved, and switches 'with Metrics' to an explicit action ('Record Metrics'), making the scope clearer and more action-driven while remaining concise and accurate to the task."
d24c17f0-b523-4201-9aa8-6607e663f198,Repair CMake Shared Library SONAME and Versioned Exports,Build & Dependency Management,needs_work,"Missing the language 'C', which is central to the task (C shared library).; Uses nonstandard phrasing 'Versioned Exports'; 'Symbol Versioning' is the conventional term aligned with GNU ld version scripts.",Repair CMake C Shared Library SONAME and Symbol Versioning,"Adding 'C' makes the scope explicit (a C shared library), and replacing 'Versioned Exports' with 'Symbol Versioning' uses the standard terminology that matches the GNU ld version script requirement. The revised title remains concise, action-driven, and accurately reflects the task."
c740044a-9fea-437c-a79b-4cba343a4e0c,Fix CMake Shared Library Linking for PIC/OpenMP/Filesystem/RPATH,Build & Dependency Management,needs_work,"Missing 'C++17' qualifier for Filesystem, which is central to the task; Slash-separated list (PIC/OpenMP/Filesystem/RPATH) reduces clarity and readability; Preposition 'for' is awkward here; 'with' or a colon better conveys the relationship","Fix CMake Shared Library Linking: PIC, OpenMP, C++17 Filesystem, RPATH","The current title is close but uses a slash list and omits the C++17 context for Filesystem, which is key to the described fix. Switching to a clearer separator and explicitly stating C++17 improves specificity and readability while keeping the action-driven, concise scope."
55eb2da0-d05c-47e8-afe7-a3999b231e8e,"Fix JNI Build with jni.h, PIC, libjvm RPATH",Build & Dependency Management,needs_work,"Phrasing uses 'with' plus a list, which is vague about the required actions.; Relation of 'libjvm RPATH' is terse; better to state the action (set/configure RPATH) explicitly.","Fix JNI Build: Include jni.h, Enable PIC, Configure libjvm RPATH","Replacing the 'with' list by parallel action verbs makes the steps explicit and clearer (include header, enable PIC, configure RPATH for libjvm) while staying concise and aligned with the task description."
ac20dff2-1cd9-458a-903c-7706dd3a20b7,Fix Rust openssl-sys/bindgen Build and Verify TLS,Build & Dependency Management,needs_work,Vague noun 'Build'—doesn't specify build failures/errors; Slash in 'openssl-sys/bindgen' is less clear than 'and'; Verification is generic—'Verify TLS' doesn't mention HTTPS client as in the task,Fix Rust openssl-sys and bindgen Build Errors and Verify HTTPS,"Clarifying 'Build' to 'Build Errors' makes the action more specific, replacing the slash with 'and' improves readability, and switching 'Verify TLS' to 'Verify HTTPS' aligns with the described HTTPS client verification."
89a3682b-5a04-4ffb-985b-3f58e545e0c7,Configure GitHub Actions Reproducible Rust Releases with SBOM,Build & Dependency Management,needs_work,Awkward grammar: missing 'for' after 'GitHub Actions' makes the phrase unclear; 'Releases' can imply publishing GitHub Releases; the task focuses on reproducible release builds/binaries; SBOM should be plural to reflect per-artifact generation,Configure GitHub Actions for Reproducible Rust Release Builds with SBOMs,"Adding 'for' fixes the grammar, 'Release Builds' clarifies the scope as build artifacts rather than publishing releases, and pluralizing SBOM aligns with generating one SBOM per artifact. The title remains concise, action-driven, and specific to GitHub Actions and Rust."
acbbbb45-f549-44d6-9a72-46f4e39283d2,"Harden SHA-Pinned, ccache-Enabled GitHub Actions CMake CI",Build & Dependency Management,needs_work,"Omits the 'Fix' aspect explicitly called out in the task description; Awkward comma-separated, hyphenated modifiers ('SHA-Pinned, ccache-Enabled') reduce clarity; Uses generic 'CI' instead of the more precise 'GitHub Actions workflow'",Fix and Harden CMake GitHub Actions Workflow with SHA Pinning and ccache,"Adding 'Fix' aligns the title with the task scope, replacing the comma-separated hyphenations with 'with SHA pinning and ccache' improves readability, and specifying 'GitHub Actions Workflow' more accurately reflects the configuration-focused task."
b200346c-e6fc-4d49-9949-7ab77fac3f00,Resolve Yarn v3 PnP PeerDependency Conflicts for React/Webpack/ESLint,Build & Dependency Management,needs_work,"Uses nonstandard casing 'PeerDependency' instead of 'Peer Dependency'; Omits 'monorepo' context that's central to the task description, reducing specificity",Resolve Yarn v3 PnP Peer Dependency Conflicts in React/Webpack/ESLint Monorepo,"The recommended title keeps the strong action verb and key technologies while fixing the awkward 'PeerDependency' casing and adding the monorepo context specified in the description. This makes the scope clearer and the phrasing more standard, without adding unnecessary length."
415de7ad-9949-4882-a4b6-b21b0197f6ac,Resolve Cargo Workspace Serde/serde_json Version-Feature Conflicts,Build & Dependency Management,needs_work,Inconsistent crate casing: uses 'Serde/serde_json' instead of lowercase crate names; Ambiguous slash between crate names; 'and' is clearer; Awkward 'Version-Feature' compound; 'Version and Feature' reads clearer,Resolve Cargo Workspace serde and serde_json Version and Feature Conflicts,"The current title is strong but has minor clarity and accuracy issues. Using lowercase crate names matches Rust crate naming, replacing the slash with 'and' makes it explicit you're targeting both crates, and changing 'Version-Feature' to 'Version and Feature' improves readability while keeping scope and concision intact."
c24cdce5-7f82-4449-8918-53a0a402ddd7,Resolve Cargo reqwest/tokio openssl-sys Version Conflicts,Build & Dependency Management,needs_work,Misses key aspect of OpenSSL system 1.1 vs 3.0 linking mismatch central to the task; Says 'Version Conflicts' but the task also involves feature-flag conflicts; Does not clarify the scope is a Cargo workspace; Slash-separated crate names reduce clarity; commas and 'and' would read clearer,Resolve Cargo Workspace reqwest/tokio openssl-sys and OpenSSL 1.1/3.0 Conflicts,"The original title is action-driven and specific to crates, but it omits the OpenSSL linking/version mismatch and feature conflicts that are central to the task, and it doesn’t indicate the workspace scope. The revised title adds the workspace context, explicitly calls out the OpenSSL 1.1/3.0 issue, and improves readability while staying concise."
a71eb1f6-ef8a-4aed-a908-73c7e9743ce0,Configure Bit-for-Bit Reproducible CMake C Builds,Build & Dependency Management,needs_work,Awkward phrasing: 'CMake C Builds' is unclear/unnatural; it doesn't clearly express that CMake is the build system for C.,Configure Bit-for-Bit Reproducible CMake-based C Builds,"The title is strong overall, but 'CMake C Builds' reads awkwardly. Using 'CMake-based C builds' makes the relationship explicit and more idiomatic while keeping the title concise, specific, and action-driven."
c75d663b-a8a7-45cb-abeb-61b44a63c008,Build CMake Superbuild via ExternalProject_Add zlib/libpng with SONAME/RUNPATH,Build & Dependency Management,needs_work,"Missing mention of the C++ CLI that must be built and linked to zlib/libpng; Awkward phrasing: ""via ExternalProject_Add zlib/libpng"" lacks a clear preposition (should be ""via ExternalProject_Add for zlib/libpng"")","Build CMake Superbuild: ExternalProject_Add zlib/libpng, C++ CLI, SONAME/RUNPATH","The current title omits the requirement to build the C++ CLI and uses slightly unclear phrasing around ExternalProject_Add. The recommended title adds the C++ CLI, clarifies the method (ExternalProject_Add), and keeps SONAME/RUNPATH, maintaining specificity and concise scope aligned with the task description."
39716413-7d88-4e24-b6d5-6b5e72ea2bba,"Refactor C Library: CMake Config, pkg-config; Verify SONAME/RPATH",Build & Dependency Management,needs_work,"Ambiguous term 'CMake Config' — should specify 'CMake package config' to reflect FooConfig.cmake export; Fragmented structure with colon/semicolon makes the scope less clear; use a single, parallel phrase",Refactor C Library for CMake/pkg-config Packaging; Verify SONAME/RPATH,"Clarifying 'CMake Config' to 'CMake/pkg-config Packaging' makes it explicit that the task involves creating a CMake package config and a pkg-config .pc file. Restructuring into a single parallel phrase improves readability while keeping the action-driven, specific, and concise scope aligned with the description."
4f8bba66-220c-409c-bc32-faacbc258a09,Configure Reproducible Offline Gradle KTS JDK17 Shaded JAR,Build & Dependency Management,needs_work,Omits the multi-module scope that the description requires; Uses the abbreviation 'KTS' instead of the clearer 'Kotlin DSL',Configure Reproducible Offline Multi-Module Gradle Kotlin DSL JDK 17 Shaded JAR,"The current title is strong but misses the multi-module scope called out in the task and uses an abbreviation that may be less clear. The recommendation adds 'Multi-Module' to reflect the required scope and expands 'KTS' to 'Kotlin DSL' while keeping the title concise, action-driven, and specific to Gradle, JDK 17, and a shaded JAR."
8f891fee-624c-4427-abcd-3d369379dbb9,Configure Maven Toolchains for JDK8/17 Java/Kotlin Shaded CLI,Build & Dependency Management,needs_work,"Scope understated: 'Configure' omits required build/publish/verify steps; Missing 'multi-module' descriptor, which is central to the task; Minor style/readability: 'JDK8/17' should be 'JDK 8/17'",Configure Maven Toolchains and Build Multi-Module JDK 8/17 Java/Kotlin Shaded CLI,"The current title focuses on toolchain configuration but the task also requires building a shaded CLI and broader project setup. Adding 'Build' and 'Multi-Module' clarifies scope and structure, while spacing in 'JDK 8/17' improves readability without adding length."
5c787f25-48b7-4c85-8bef-ef7732e9c381,Implement PEP 517 Cython sdist/wheel with Vendored C,Build & Dependency Management,needs_work,Missing key technology: title omits the setuptools backend explicitly required by the task; Minor clarity: 'sdist/wheel' is terse; 'sdist and wheel' is clearer (optional),Implement PEP 517 setuptools Cython sdist/wheel with vendored C,The description specifies using setuptools as the PEP 517 backend and ensuring vendored C sources in the sdist. Adding 'setuptools' makes the title accurately reflect the required technology while staying concise and action-driven.
f2cf83db-0b98-4fda-9e4f-459895dc0631,Build Offline Cargo Workspace and Static MUSL Release,Build & Dependency Management,needs_work,"Missing key target triple x86_64-unknown-linux-musl that the task requires; Omits vendoring via cargo vendor, which is central to enabling offline builds; Generic verb 'Build' obscures that cross-compilation is required; 'Cross-Compile' would be clearer","Vendor Offline Cargo Workspace, Cross-Compile Static x86_64-unknown-linux-musl Release",The current title is close but under-specific. Adding the target triple and the vendoring step highlights the core requirements (offline via cargo vendor and MUSL target). Replacing the generic 'Build' with 'Cross-Compile' clarifies the cross-compilation objective while keeping the title concise and action-driven.
c4519d89-2811-4dd8-b0e2-a19bff8b9bd1,Build Vendored Reproducible Static x86_64-musl Rust CLI with rustls,Build & Dependency Management,needs_work,Uses shorthand target 'x86_64-musl' instead of the exact target triple 'x86_64-unknown-linux-musl'; Does not explicitly mention the strict offline requirement; 'vendored' implies it but isn't clear; Minor mismatch: title says 'with rustls' but doesn't reflect the migration from OpenSSL to rustls stated in the task,Build Offline Vendored Reproducible Static x86_64-unknown-linux-musl Rust CLI with rustls,"The current title is strong but can be more precise and aligned with the task. Using the exact target triple removes ambiguity, and adding 'Offline' explicitly calls out the strict offline constraint. The recommended title keeps the action and key technologies while improving accuracy and clarity."
7790614a-4402-41e5-b055-16d5bb7ae920,"Implement Git-Aware Branch Pipeline: Snapshot, Staging, Semver+SHA256 Artifacts",Build & Dependency Management,needs_work,"Minor mismatch with description: uses 'Pipeline' while the task specifies a build script.; Phrase 'Semver+SHA256 Artifacts' is imprecise—SemVer is a versioning scheme, not an artifact; the output is a release (tarball) with a SHA256 checksum.; Styling: 'Semver' should be 'SemVer' for accuracy.","Implement Git-Aware Branch Build Script: Snapshots, Staging, SemVer+SHA256 Release","The revised title aligns with the task’s focus on a build script (not a pipeline) and clarifies that SemVer+SHA256 refers to the release output rather than an 'artifact' named SemVer. It keeps the strong action verb and key specifics (Git, branch-aware behavior, snapshots, staging, SemVer, SHA256) while staying concise."
c1acc84f-be6b-42eb-b51a-fbfd7aa811c4,Implement Offline Git-Tag Signing and GPG/Minisign Verification Pipeline,Build & Dependency Management,needs_work,"Minor mismatch: title emphasizes verification and doesn't state that artifacts are also signed; the task requires generating GPG and minisign signatures for artifacts.; Scope not fully clear: 'Verification Pipeline' implies only verification, but the task is a full offline release pipeline that builds artifacts and performs signing and verification.",Implement Offline Git Tag and Artifact Signing/Verification with GPG/Minisign,"The recommended title clarifies that both the Git tag and release artifacts are signed and verified, aligning with the requirement to generate GPG and minisign signatures and provide verification. It keeps the key technologies, preserves 'offline', and makes the scope of the release pipeline clearer while remaining concise."
3ce981d3-aea0-466b-80ea-6f8a31a743a2,Implement GPG-Signed Releases with SHA256SUMS and verify.sh,Build & Dependency Management,needs_work,"Missing explicit mention of Git tag signing, which is central to the task; Phrase 'GPG-Signed Releases' is ambiguous and could be interpreted as signing binaries rather than the Git tag and checksum file","Implement GPG-Signed Git Release Tags, SHA256SUMS, and verify.sh","Adding 'Git Release Tags' clarifies that the task involves signing the vX.Y.Z Git tag, not just release artifacts, while keeping SHA256SUMS and verify.sh to match the checksum signing and verification script requirements."
cae93ac6-6b5c-4b85-91a4-fe0164a4b5cf,Implement POSIX SemVer Release Script from Conventional Commits,Build & Dependency Management,needs_work,"Ambiguous phrasing: 'POSIX SemVer' conflates POSIX with SemVer; should specify 'POSIX shell' implementing SemVer releases; Missing key technology: Git is central (parsing commits, tagging, pushing) but not mentioned; Preposition 'from Conventional Commits' is less clear than 'using Git Conventional Commits'",Implement POSIX Shell SemVer Release Script Using Git Conventional Commits,"The revised title clarifies that it's a POSIX shell script implementing SemVer releases, explicitly mentions Git (a core part of the task), and uses clearer phrasing for Conventional Commits. It remains concise and action-driven while better matching the task scope."
